stem,variant,system,dataset,target_recall,metric,count,avg_us,p50_us,p90_us,p99_us,max_us
flashanns_sift1b_ef45_nb756,,FlashANNS,sift1b,0.90,Compute,20,3376.734371,3497.165665,4225.429792,4621.185248,4621.185248
flashanns_sift1b_ef45_nb756,,FlashANNS,sift1b,0.90,IO wait,20,11533.873311,11599.984172,12596.628377,13963.065351,13963.065351
flashanns_sift1b_ef45_nb756,,FlashANNS,sift1b,0.90,Resume,20,1821.417464,1842.329527,2191.545058,2321.779514,2321.779514
flashanns_sift1b_ef45_nb756,,FlashANNS,sift1b,0.90,kernel launch,20,14.173985,3.099442,5.006790,221.014023,221.014023
flashanns_sift1b_ef45_nb756,,FlashANNS,sift1b,0.90,H2D,20,25.701523,24.080276,32.186508,48.160553,48.160553
flashanns_sift1b_ef45_nb756,,FlashANNS,sift1b,0.90,D2H,20,35.536289,29.087067,66.041946,102.996826,102.996826
flashanns_sift1b_ef45_nb756,,FlashANNS,sift1b,0.90,CTA active %,20,57.549440,62.931200,84.435200,93.139200,93.139200
gustann_sift1b_ef45_mb1120,,GustANN,sift1b,0.90,Compute,20,20884.940792,20951.039989,24462.335974,26256.383941,26256.383941
gustann_sift1b_ef45_mb1120,,GustANN,sift1b,0.90,IO wait,20,287988.471985,307678.937912,314011.335373,317842.006683,317842.006683
gustann_sift1b_ef45_mb1120,,GustANN,sift1b,0.90,Resume,20,3.862381,3.814697,6.198883,8.106232,8.106232
gustann_sift1b_ef45_mb1120,,GustANN,sift1b,0.90,kernel launch,20,604.355335,515.937805,660.181046,2561.330795,2561.330795
gustann_sift1b_ef45_mb1120,,GustANN,sift1b,0.90,H2D,20,101.764799,49.215999,331.584007,374.592006,374.592006
gustann_sift1b_ef45_mb1120,,GustANN,sift1b,0.90,D2H,20,158.942399,68.640001,466.751993,511.295974,511.295974
gustann_sift1b_ef45_mb1120,,GustANN,sift1b,0.90,CTA active %,179,100.000000,100.000000,100.000000,100.000000,100.000000
quiver_sift1b_ef45_q2_nb216,,Quiver,sift1b,0.90,Compute,200,1619.325228,1606.368482,1815.021112,2061.343143,2173.926815
quiver_sift1b_ef45_q2_nb216,,Quiver,sift1b,0.90,IO wait,200,5491.696426,5485.795233,5997.524490,6671.630765,7178.509790
quiver_sift1b_ef45_q2_nb216,,Quiver,sift1b,0.90,Resume,200,44.890026,40.006282,64.236478,107.771234,149.522653
quiver_sift1b_ef45_q2_nb216,,Quiver,sift1b,0.90,CTA active %,200,94.812224,100.000000,100.000000,100.000000,100.000000
