stem,variant,system,dataset,sample_i,cta_active_pct
flashanns_sift1b_ef45_nb756,,FlashANNS,sift1b,0,25.760000
flashanns_sift1b_ef45_nb756,,FlashANNS,sift1b,1,84.435200
flashanns_sift1b_ef45_nb756,,FlashANNS,sift1b,2,83.820800
flashanns_sift1b_ef45_nb756,,FlashANNS,sift1b,3,84.128000
flashanns_sift1b_ef45_nb756,,FlashANNS,sift1b,4,64.057600
flashanns_sift1b_ef45_nb756,,FlashANNS,sift1b,5,34.771200
flashanns_sift1b_ef45_nb756,,FlashANNS,sift1b,6,39.686400
flashanns_sift1b_ef45_nb756,,FlashANNS,sift1b,7,36.102400
flashanns_sift1b_ef45_nb756,,FlashANNS,sift1b,8,32.256000
flashanns_sift1b_ef45_nb756,,FlashANNS,sift1b,9,41.017600
flashanns_sift1b_ef45_nb756,,FlashANNS,sift1b,10,84.128000
flashanns_sift1b_ef45_nb756,,FlashANNS,sift1b,11,46.080000
flashanns_sift1b_ef45_nb756,,FlashANNS,sift1b,12,50.028800
flashanns_sift1b_ef45_nb756,,FlashANNS,sift1b,13,27.910400
flashanns_sift1b_ef45_nb756,,FlashANNS,sift1b,14,80.953600
flashanns_sift1b_ef45_nb756,,FlashANNS,sift1b,15,65.286400
flashanns_sift1b_ef45_nb756,,FlashANNS,sift1b,16,93.139200
flashanns_sift1b_ef45_nb756,,FlashANNS,sift1b,17,73.990400
flashanns_sift1b_ef45_nb756,,FlashANNS,sift1b,18,40.505600
flashanns_sift1b_ef45_nb756,,FlashANNS,sift1b,19,62.931200
gustann_sift1b_ef45_mb1120,,GustANN,sift1b,0,100.000000
gustann_sift1b_ef45_mb1120,,GustANN,sift1b,1,100.000000
gustann_sift1b_ef45_mb1120,,GustANN,sift1b,2,100.000000
gustann_sift1b_ef45_mb1120,,GustANN,sift1b,3,100.000000
gustann_sift1b_ef45_mb1120,,GustANN,sift1b,4,100.000000
gustann_sift1b_ef45_mb1120,,GustANN,sift1b,5,100.000000
gustann_sift1b_ef45_mb1120,,GustANN,sift1b,6,100.000000
gustann_sift1b_ef45_mb1120,,GustANN,sift1b,7,100.000000
gustann_sift1b_ef45_mb1120,,GustANN,sift1b,8,100.000000
gustann_sift1b_ef45_mb1120,,GustANN,sift1b,9,100.000000
gustann_sift1b_ef45_mb1120,,GustANN,sift1b,10,100.000000
gustann_sift1b_ef45_mb1120,,GustANN,sift1b,11,100.000000
gustann_sift1b_ef45_mb1120,,GustANN,sift1b,12,100.000000
gustann_sift1b_ef45_mb1120,,GustANN,sift1b,13,100.000000
gustann_sift1b_ef45_mb1120,,GustANN,sift1b,14,100.000000
gustann_sift1b_ef45_mb1120,,GustANN,sift1b,15,100.000000
gustann_sift1b_ef45_mb1120,,GustANN,sift1b,16,100.000000
gustann_sift1b_ef45_mb1120,,GustANN,sift1b,17,100.000000
gustann_sift1b_ef45_mb1120,,GustANN,sift1b,18,100.000000
gustann_sift1b_ef45_mb1120,,GustANN,sift1b,19,100.000000
gustann_sift1b_ef45_mb1120,,GustANN,sift1b,20,100.000000
gustann_sift1b_ef45_mb1120,,GustANN,sift1b,21,100.000000
gustann_sift1b_ef45_mb1120,,GustANN,sift1b,22,100.000000
gustann_sift1b_ef45_mb1120,,GustANN,sift1b,23,100.000000
gustann_sift1b_ef45_mb1120,,GustANN,sift1b,24,100.000000
gustann_sift1b_ef45_mb1120,,GustANN,sift1b,25,100.000000
gustann_sift1b_ef45_mb1120,,GustANN,sift1b,26,100.000000
gustann_sift1b_ef45_mb1120,,GustANN,sift1b,27,100.000000
gustann_sift1b_ef45_mb1120,,GustANN,sift1b,28,100.000000
gustann_sift1b_ef45_mb1120,,GustANN,sift1b,29,100.000000
gustann_sift1b_ef45_mb1120,,GustANN,sift1b,30,100.000000
gustann_sift1b_ef45_mb1120,,GustANN,sift1b,31,100.000000
gustann_sift1b_ef45_mb1120,,GustANN,sift1b,32,100.000000
gustann_sift1b_ef45_mb1120,,GustANN,sift1b,33,100.000000
gustann_sift1b_ef45_mb1120,,GustANN,sift1b,34,100.000000
gustann_sift1b_ef45_mb1120,,GustANN,sift1b,35,100.000000
gustann_sift1b_ef45_mb1120,,GustANN,sift1b,36,100.000000
gustann_sift1b_ef45_mb1120,,GustANN,sift1b,37,100.000000
gustann_sift1b_ef45_mb1120,,GustANN,sift1b,38,100.000000
gustann_sift1b_ef45_mb1120,,GustANN,sift1b,39,100.000000
gustann_sift1b_ef45_mb1120,,GustANN,sift1b,40,100.000000
gustann_sift1b_ef45_mb1120,,GustANN,sift1b,41,100.000000
gustann_sift1b_ef45_mb1120,,GustANN,sift1b,42,100.000000
gustann_sift1b_ef45_mb1120,,GustANN,sift1b,43,100.000000
gustann_sift1b_ef45_mb1120,,GustANN,sift1b,44,100.000000
gustann_sift1b_ef45_mb1120,,GustANN,sift1b,45,100.000000
gustann_sift1b_ef45_mb1120,,GustANN,sift1b,46,100.000000
gustann_sift1b_ef45_mb1120,,GustANN,sift1b,47,100.000000
gustann_sift1b_ef45_mb1120,,GustANN,sift1b,48,100.000000
gustann_sift1b_ef45_mb1120,,GustANN,sift1b,49,100.000000
gustann_sift1b_ef45_mb1120,,GustANN,sift1b,50,100.000000
gustann_sift1b_ef45_mb1120,,GustANN,sift1b,51,100.000000
gustann_sift1b_ef45_mb1120,,GustANN,sift1b,52,100.000000
gustann_sift1b_ef45_mb1120,,GustANN,sift1b,53,100.000000
gustann_sift1b_ef45_mb1120,,GustANN,sift1b,54,100.000000
gustann_sift1b_ef45_mb1120,,GustANN,sift1b,55,100.000000
gustann_sift1b_ef45_mb1120,,GustANN,sift1b,56,100.000000
gustann_sift1b_ef45_mb1120,,GustANN,sift1b,57,100.000000
gustann_sift1b_ef45_mb1120,,GustANN,sift1b,58,100.000000
gustann_sift1b_ef45_mb1120,,GustANN,sift1b,59,100.000000
gustann_sift1b_ef45_mb1120,,GustANN,sift1b,60,100.000000
gustann_sift1b_ef45_mb1120,,GustANN,sift1b,61,100.000000
gustann_sift1b_ef45_mb1120,,GustANN,sift1b,62,100.000000
gustann_sift1b_ef45_mb1120,,GustANN,sift1b,63,100.000000
gustann_sift1b_ef45_mb1120,,GustANN,sift1b,64,100.000000
gustann_sift1b_ef45_mb1120,,GustANN,sift1b,65,100.000000
gustann_sift1b_ef45_mb1120,,GustANN,sift1b,66,100.000000
gustann_sift1b_ef45_mb1120,,GustANN,sift1b,67,100.000000
gustann_sift1b_ef45_mb1120,,GustANN,sift1b,68,100.000000
gustann_sift1b_ef45_mb1120,,GustANN,sift1b,69,100.000000
gustann_sift1b_ef45_mb1120,,GustANN,sift1b,70,100.000000
gustann_sift1b_ef45_mb1120,,GustANN,sift1b,71,100.000000
gustann_sift1b_ef45_mb1120,,GustANN,sift1b,72,100.000000
gustann_sift1b_ef45_mb1120,,GustANN,sift1b,73,100.000000
gustann_sift1b_ef45_mb1120,,GustANN,sift1b,74,100.000000
gustann_sift1b_ef45_mb1120,,GustANN,sift1b,75,100.000000
gustann_sift1b_ef45_mb1120,,GustANN,sift1b,76,100.000000
gustann_sift1b_ef45_mb1120,,GustANN,sift1b,77,100.000000
gustann_sift1b_ef45_mb1120,,GustANN,sift1b,78,100.000000
gustann_sift1b_ef45_mb1120,,GustANN,sift1b,79,100.000000
gustann_sift1b_ef45_mb1120,,GustANN,sift1b,80,100.000000
gustann_sift1b_ef45_mb1120,,GustANN,sift1b,81,100.000000
gustann_sift1b_ef45_mb1120,,GustANN,sift1b,82,100.000000
gustann_sift1b_ef45_mb1120,,GustANN,sift1b,83,100.000000
gustann_sift1b_ef45_mb1120,,GustANN,sift1b,84,100.000000
gustann_sift1b_ef45_mb1120,,GustANN,sift1b,85,100.000000
gustann_sift1b_ef45_mb1120,,GustANN,sift1b,86,100.000000
gustann_sift1b_ef45_mb1120,,GustANN,sift1b,87,100.000000
gustann_sift1b_ef45_mb1120,,GustANN,sift1b,88,100.000000
gustann_sift1b_ef45_mb1120,,GustANN,sift1b,89,100.000000
gustann_sift1b_ef45_mb1120,,GustANN,sift1b,90,100.000000
gustann_sift1b_ef45_mb1120,,GustANN,sift1b,91,100.000000
gustann_sift1b_ef45_mb1120,,GustANN,sift1b,92,100.000000
gustann_sift1b_ef45_mb1120,,GustANN,sift1b,93,100.000000
gustann_sift1b_ef45_mb1120,,GustANN,sift1b,94,100.000000
gustann_sift1b_ef45_mb1120,,GustANN,sift1b,95,100.000000
gustann_sift1b_ef45_mb1120,,GustANN,sift1b,96,100.000000
gustann_sift1b_ef45_mb1120,,GustANN,sift1b,97,100.000000
gustann_sift1b_ef45_mb1120,,GustANN,sift1b,98,100.000000
gustann_sift1b_ef45_mb1120,,GustANN,sift1b,99,100.000000
gustann_sift1b_ef45_mb1120,,GustANN,sift1b,100,100.000000
gustann_sift1b_ef45_mb1120,,GustANN,sift1b,101,100.000000
gustann_sift1b_ef45_mb1120,,GustANN,sift1b,102,100.000000
gustann_sift1b_ef45_mb1120,,GustANN,sift1b,103,100.000000
gustann_sift1b_ef45_mb1120,,GustANN,sift1b,104,100.000000
gustann_sift1b_ef45_mb1120,,GustANN,sift1b,105,100.000000
gustann_sift1b_ef45_mb1120,,GustANN,sift1b,106,100.000000
gustann_sift1b_ef45_mb1120,,GustANN,sift1b,107,100.000000
gustann_sift1b_ef45_mb1120,,GustANN,sift1b,108,100.000000
gustann_sift1b_ef45_mb1120,,GustANN,sift1b,109,100.000000
gustann_sift1b_ef45_mb1120,,GustANN,sift1b,110,100.000000
gustann_sift1b_ef45_mb1120,,GustANN,sift1b,111,100.000000
gustann_sift1b_ef45_mb1120,,GustANN,sift1b,112,100.000000
gustann_sift1b_ef45_mb1120,,GustANN,sift1b,113,100.000000
gustann_sift1b_ef45_mb1120,,GustANN,sift1b,114,100.000000
gustann_sift1b_ef45_mb1120,,GustANN,sift1b,115,100.000000
gustann_sift1b_ef45_mb1120,,GustANN,sift1b,116,100.000000
gustann_sift1b_ef45_mb1120,,GustANN,sift1b,117,100.000000
gustann_sift1b_ef45_mb1120,,GustANN,sift1b,118,100.000000
gustann_sift1b_ef45_mb1120,,GustANN,sift1b,119,100.000000
gustann_sift1b_ef45_mb1120,,GustANN,sift1b,120,100.000000
gustann_sift1b_ef45_mb1120,,GustANN,sift1b,121,100.000000
gustann_sift1b_ef45_mb1120,,GustANN,sift1b,122,100.000000
gustann_sift1b_ef45_mb1120,,GustANN,sift1b,123,100.000000
gustann_sift1b_ef45_mb1120,,GustANN,sift1b,124,100.000000
gustann_sift1b_ef45_mb1120,,GustANN,sift1b,125,100.000000
gustann_sift1b_ef45_mb1120,,GustANN,sift1b,126,100.000000
gustann_sift1b_ef45_mb1120,,GustANN,sift1b,127,100.000000
gustann_sift1b_ef45_mb1120,,GustANN,sift1b,128,100.000000
gustann_sift1b_ef45_mb1120,,GustANN,sift1b,129,100.000000
gustann_sift1b_ef45_mb1120,,GustANN,sift1b,130,100.000000
gustann_sift1b_ef45_mb1120,,GustANN,sift1b,131,100.000000
gustann_sift1b_ef45_mb1120,,GustANN,sift1b,132,100.000000
gustann_sift1b_ef45_mb1120,,GustANN,sift1b,133,100.000000
gustann_sift1b_ef45_mb1120,,GustANN,sift1b,134,100.000000
gustann_sift1b_ef45_mb1120,,GustANN,sift1b,135,100.000000
gustann_sift1b_ef45_mb1120,,GustANN,sift1b,136,100.000000
gustann_sift1b_ef45_mb1120,,GustANN,sift1b,137,100.000000
gustann_sift1b_ef45_mb1120,,GustANN,sift1b,138,100.000000
gustann_sift1b_ef45_mb1120,,GustANN,sift1b,139,100.000000
gustann_sift1b_ef45_mb1120,,GustANN,sift1b,140,100.000000
gustann_sift1b_ef45_mb1120,,GustANN,sift1b,141,100.000000
gustann_sift1b_ef45_mb1120,,GustANN,sift1b,142,100.000000
gustann_sift1b_ef45_mb1120,,GustANN,sift1b,143,100.000000
gustann_sift1b_ef45_mb1120,,GustANN,sift1b,144,100.000000
gustann_sift1b_ef45_mb1120,,GustANN,sift1b,145,100.000000
gustann_sift1b_ef45_mb1120,,GustANN,sift1b,146,100.000000
gustann_sift1b_ef45_mb1120,,GustANN,sift1b,147,100.000000
gustann_sift1b_ef45_mb1120,,GustANN,sift1b,148,100.000000
gustann_sift1b_ef45_mb1120,,GustANN,sift1b,149,100.000000
gustann_sift1b_ef45_mb1120,,GustANN,sift1b,150,100.000000
gustann_sift1b_ef45_mb1120,,GustANN,sift1b,151,100.000000
gustann_sift1b_ef45_mb1120,,GustANN,sift1b,152,100.000000
gustann_sift1b_ef45_mb1120,,GustANN,sift1b,153,100.000000
gustann_sift1b_ef45_mb1120,,GustANN,sift1b,154,100.000000
gustann_sift1b_ef45_mb1120,,GustANN,sift1b,155,100.000000
gustann_sift1b_ef45_mb1120,,GustANN,sift1b,156,100.000000
gustann_sift1b_ef45_mb1120,,GustANN,sift1b,157,100.000000
gustann_sift1b_ef45_mb1120,,GustANN,sift1b,158,100.000000
gustann_sift1b_ef45_mb1120,,GustANN,sift1b,159,100.000000
gustann_sift1b_ef45_mb1120,,GustANN,sift1b,160,100.000000
gustann_sift1b_ef45_mb1120,,GustANN,sift1b,161,100.000000
gustann_sift1b_ef45_mb1120,,GustANN,sift1b,162,100.000000
gustann_sift1b_ef45_mb1120,,GustANN,sift1b,163,100.000000
gustann_sift1b_ef45_mb1120,,GustANN,sift1b,164,100.000000
gustann_sift1b_ef45_mb1120,,GustANN,sift1b,165,100.000000
gustann_sift1b_ef45_mb1120,,GustANN,sift1b,166,100.000000
gustann_sift1b_ef45_mb1120,,GustANN,sift1b,167,100.000000
gustann_sift1b_ef45_mb1120,,GustANN,sift1b,168,100.000000
gustann_sift1b_ef45_mb1120,,GustANN,sift1b,169,100.000000
gustann_sift1b_ef45_mb1120,,GustANN,sift1b,170,100.000000
gustann_sift1b_ef45_mb1120,,GustANN,sift1b,171,100.000000
gustann_sift1b_ef45_mb1120,,GustANN,sift1b,172,100.000000
gustann_sift1b_ef45_mb1120,,GustANN,sift1b,173,100.000000
gustann_sift1b_ef45_mb1120,,GustANN,sift1b,174,100.000000
gustann_sift1b_ef45_mb1120,,GustANN,sift1b,175,100.000000
gustann_sift1b_ef45_mb1120,,GustANN,sift1b,176,100.000000
gustann_sift1b_ef45_mb1120,,GustANN,sift1b,177,100.000000
gustann_sift1b_ef45_mb1120,,GustANN,sift1b,178,100.000000
quiver_sift1b_ef45_q2_nb216,,Quiver,sift1b,0,80.236800
quiver_sift1b_ef45_q2_nb216,,Quiver,sift1b,1,100.000000
quiver_sift1b_ef45_q2_nb216,,Quiver,sift1b,2,100.000000
quiver_sift1b_ef45_q2_nb216,,Quiver,sift1b,3,100.000000
quiver_sift1b_ef45_q2_nb216,,Quiver,sift1b,4,100.000000
quiver_sift1b_ef45_q2_nb216,,Quiver,sift1b,5,100.000000
quiver_sift1b_ef45_q2_nb216,,Quiver,sift1b,6,100.000000
quiver_sift1b_ef45_q2_nb216,,Quiver,sift1b,7,100.000000
quiver_sift1b_ef45_q2_nb216,,Quiver,sift1b,8,87.097600
quiver_sift1b_ef45_q2_nb216,,Quiver,sift1b,9,100.000000
quiver_sift1b_ef45_q2_nb216,,Quiver,sift1b,10,100.000000
quiver_sift1b_ef45_q2_nb216,,Quiver,sift1b,11,91.910400
quiver_sift1b_ef45_q2_nb216,,Quiver,sift1b,12,100.000000
quiver_sift1b_ef45_q2_nb216,,Quiver,sift1b,13,100.000000
quiver_sift1b_ef45_q2_nb216,,Quiver,sift1b,14,100.000000
quiver_sift1b_ef45_q2_nb216,,Quiver,sift1b,15,91.808000
quiver_sift1b_ef45_q2_nb216,,Quiver,sift1b,16,100.000000
quiver_sift1b_ef45_q2_nb216,,Quiver,sift1b,17,87.097600
quiver_sift1b_ef45_q2_nb216,,Quiver,sift1b,18,100.000000
quiver_sift1b_ef45_q2_nb216,,Quiver,sift1b,19,100.000000
quiver_sift1b_ef45_q2_nb216,,Quiver,sift1b,20,95.494400
quiver_sift1b_ef45_q2_nb216,,Quiver,sift1b,21,100.000000
quiver_sift1b_ef45_q2_nb216,,Quiver,sift1b,22,100.000000
quiver_sift1b_ef45_q2_nb216,,Quiver,sift1b,23,100.000000
quiver_sift1b_ef45_q2_nb216,,Quiver,sift1b,24,88.985600
quiver_sift1b_ef45_q2_nb216,,Quiver,sift1b,25,100.000000
quiver_sift1b_ef45_q2_nb216,,Quiver,sift1b,26,100.000000
quiver_sift1b_ef45_q2_nb216,,Quiver,sift1b,27,90.374400
quiver_sift1b_ef45_q2_nb216,,Quiver,sift1b,28,100.000000
quiver_sift1b_ef45_q2_nb216,,Quiver,sift1b,29,100.000000
quiver_sift1b_ef45_q2_nb216,,Quiver,sift1b,30,85.049600
quiver_sift1b_ef45_q2_nb216,,Quiver,sift1b,31,100.000000
quiver_sift1b_ef45_q2_nb216,,Quiver,sift1b,32,100.000000
quiver_sift1b_ef45_q2_nb216,,Quiver,sift1b,33,80.486400
quiver_sift1b_ef45_q2_nb216,,Quiver,sift1b,34,100.000000
quiver_sift1b_ef45_q2_nb216,,Quiver,sift1b,35,100.000000
quiver_sift1b_ef45_q2_nb216,,Quiver,sift1b,36,100.000000
quiver_sift1b_ef45_q2_nb216,,Quiver,sift1b,37,88.326400
quiver_sift1b_ef45_q2_nb216,,Quiver,sift1b,38,100.000000
quiver_sift1b_ef45_q2_nb216,,Quiver,sift1b,39,87.097600
quiver_sift1b_ef45_q2_nb216,,Quiver,sift1b,40,88.940800
quiver_sift1b_ef45_q2_nb216,,Quiver,sift1b,41,100.000000
quiver_sift1b_ef45_q2_nb216,,Quiver,sift1b,42,100.000000
quiver_sift1b_ef45_q2_nb216,,Quiver,sift1b,43,100.000000
quiver_sift1b_ef45_q2_nb216,,Quiver,sift1b,44,100.000000
quiver_sift1b_ef45_q2_nb216,,Quiver,sift1b,45,84.332800
quiver_sift1b_ef45_q2_nb216,,Quiver,sift1b,46,100.000000
quiver_sift1b_ef45_q2_nb216,,Quiver,sift1b,47,86.380800
quiver_sift1b_ef45_q2_nb216,,Quiver,sift1b,48,100.000000
quiver_sift1b_ef45_q2_nb216,,Quiver,sift1b,49,100.000000
quiver_sift1b_ef45_q2_nb216,,Quiver,sift1b,50,100.000000
quiver_sift1b_ef45_q2_nb216,,Quiver,sift1b,51,100.000000
quiver_sift1b_ef45_q2_nb216,,Quiver,sift1b,52,88.633600
quiver_sift1b_ef45_q2_nb216,,Quiver,sift1b,53,83.001600
quiver_sift1b_ef45_q2_nb216,,Quiver,sift1b,54,100.000000
quiver_sift1b_ef45_q2_nb216,,Quiver,sift1b,55,92.524800
quiver_sift1b_ef45_q2_nb216,,Quiver,sift1b,56,100.000000
quiver_sift1b_ef45_q2_nb216,,Quiver,sift1b,57,88.633600
quiver_sift1b_ef45_q2_nb216,,Quiver,sift1b,58,87.609600
quiver_sift1b_ef45_q2_nb216,,Quiver,sift1b,59,86.176000
quiver_sift1b_ef45_q2_nb216,,Quiver,sift1b,60,100.000000
quiver_sift1b_ef45_q2_nb216,,Quiver,sift1b,61,100.000000
quiver_sift1b_ef45_q2_nb216,,Quiver,sift1b,62,100.000000
quiver_sift1b_ef45_q2_nb216,,Quiver,sift1b,63,100.000000
quiver_sift1b_ef45_q2_nb216,,Quiver,sift1b,64,95.084800
quiver_sift1b_ef45_q2_nb216,,Quiver,sift1b,65,92.627200
quiver_sift1b_ef45_q2_nb216,,Quiver,sift1b,66,88.940800
quiver_sift1b_ef45_q2_nb216,,Quiver,sift1b,67,92.422400
quiver_sift1b_ef45_q2_nb216,,Quiver,sift1b,68,96.108800
quiver_sift1b_ef45_q2_nb216,,Quiver,sift1b,69,88.633600
quiver_sift1b_ef45_q2_nb216,,Quiver,sift1b,70,100.000000
quiver_sift1b_ef45_q2_nb216,,Quiver,sift1b,71,88.633600
quiver_sift1b_ef45_q2_nb216,,Quiver,sift1b,72,84.844800
quiver_sift1b_ef45_q2_nb216,,Quiver,sift1b,73,100.000000
quiver_sift1b_ef45_q2_nb216,,Quiver,sift1b,74,91.398400
quiver_sift1b_ef45_q2_nb216,,Quiver,sift1b,75,87.404800
quiver_sift1b_ef45_q2_nb216,,Quiver,sift1b,76,88.838400
quiver_sift1b_ef45_q2_nb216,,Quiver,sift1b,77,88.838400
quiver_sift1b_ef45_q2_nb216,,Quiver,sift1b,78,100.000000
quiver_sift1b_ef45_q2_nb216,,Quiver,sift1b,79,83.104000
quiver_sift1b_ef45_q2_nb216,,Quiver,sift1b,80,100.000000
quiver_sift1b_ef45_q2_nb216,,Quiver,sift1b,81,100.000000
quiver_sift1b_ef45_q2_nb216,,Quiver,sift1b,82,100.000000
quiver_sift1b_ef45_q2_nb216,,Quiver,sift1b,83,100.000000
quiver_sift1b_ef45_q2_nb216,,Quiver,sift1b,84,100.000000
quiver_sift1b_ef45_q2_nb216,,Quiver,sift1b,85,100.000000
quiver_sift1b_ef45_q2_nb216,,Quiver,sift1b,86,100.000000
quiver_sift1b_ef45_q2_nb216,,Quiver,sift1b,87,87.200000
quiver_sift1b_ef45_q2_nb216,,Quiver,sift1b,88,86.483200
quiver_sift1b_ef45_q2_nb216,,Quiver,sift1b,89,86.995200
quiver_sift1b_ef45_q2_nb216,,Quiver,sift1b,90,100.000000
quiver_sift1b_ef45_q2_nb216,,Quiver,sift1b,91,100.000000
quiver_sift1b_ef45_q2_nb216,,Quiver,sift1b,92,100.000000
quiver_sift1b_ef45_q2_nb216,,Quiver,sift1b,93,88.940800
quiver_sift1b_ef45_q2_nb216,,Quiver,sift1b,94,100.000000
quiver_sift1b_ef45_q2_nb216,,Quiver,sift1b,95,100.000000
quiver_sift1b_ef45_q2_nb216,,Quiver,sift1b,96,100.000000
quiver_sift1b_ef45_q2_nb216,,Quiver,sift1b,97,100.000000
quiver_sift1b_ef45_q2_nb216,,Quiver,sift1b,98,100.000000
quiver_sift1b_ef45_q2_nb216,,Quiver,sift1b,99,82.387200
quiver_sift1b_ef45_q2_nb216,,Quiver,sift1b,100,100.000000
quiver_sift1b_ef45_q2_nb216,,Quiver,sift1b,101,100.000000
quiver_sift1b_ef45_q2_nb216,,Quiver,sift1b,102,100.000000
quiver_sift1b_ef45_q2_nb216,,Quiver,sift1b,103,83.616000
quiver_sift1b_ef45_q2_nb216,,Quiver,sift1b,104,88.633600
quiver_sift1b_ef45_q2_nb216,,Quiver,sift1b,105,100.000000
quiver_sift1b_ef45_q2_nb216,,Quiver,sift1b,106,89.804800
quiver_sift1b_ef45_q2_nb216,,Quiver,sift1b,107,100.000000
quiver_sift1b_ef45_q2_nb216,,Quiver,sift1b,108,100.000000
quiver_sift1b_ef45_q2_nb216,,Quiver,sift1b,109,85.254400
quiver_sift1b_ef45_q2_nb216,,Quiver,sift1b,110,94.572800
quiver_sift1b_ef45_q2_nb216,,Quiver,sift1b,111,84.947200
quiver_sift1b_ef45_q2_nb216,,Quiver,sift1b,112,93.446400
quiver_sift1b_ef45_q2_nb216,,Quiver,sift1b,113,88.838400
quiver_sift1b_ef45_q2_nb216,,Quiver,sift1b,114,100.000000
quiver_sift1b_ef45_q2_nb216,,Quiver,sift1b,115,100.000000
quiver_sift1b_ef45_q2_nb216,,Quiver,sift1b,116,100.000000
quiver_sift1b_ef45_q2_nb216,,Quiver,sift1b,117,100.000000
quiver_sift1b_ef45_q2_nb216,,Quiver,sift1b,118,86.278400
quiver_sift1b_ef45_q2_nb216,,Quiver,sift1b,119,88.531200
quiver_sift1b_ef45_q2_nb216,,Quiver,sift1b,120,91.398400
quiver_sift1b_ef45_q2_nb216,,Quiver,sift1b,121,100.000000
quiver_sift1b_ef45_q2_nb216,,Quiver,sift1b,122,85.561600
quiver_sift1b_ef45_q2_nb216,,Quiver,sift1b,123,100.000000
quiver_sift1b_ef45_q2_nb216,,Quiver,sift1b,124,100.000000
quiver_sift1b_ef45_q2_nb216,,Quiver,sift1b,125,86.073600
quiver_sift1b_ef45_q2_nb216,,Quiver,sift1b,126,100.000000
quiver_sift1b_ef45_q2_nb216,,Quiver,sift1b,127,93.753600
quiver_sift1b_ef45_q2_nb216,,Quiver,sift1b,128,100.000000
quiver_sift1b_ef45_q2_nb216,,Quiver,sift1b,129,83.206400
quiver_sift1b_ef45_q2_nb216,,Quiver,sift1b,130,100.000000
quiver_sift1b_ef45_q2_nb216,,Quiver,sift1b,131,100.000000
quiver_sift1b_ef45_q2_nb216,,Quiver,sift1b,132,100.000000
quiver_sift1b_ef45_q2_nb216,,Quiver,sift1b,133,100.000000
quiver_sift1b_ef45_q2_nb216,,Quiver,sift1b,134,80.339200
quiver_sift1b_ef45_q2_nb216,,Quiver,sift1b,135,84.844800
quiver_sift1b_ef45_q2_nb216,,Quiver,sift1b,136,94.515200
quiver_sift1b_ef45_q2_nb216,,Quiver,sift1b,137,86.892800
quiver_sift1b_ef45_q2_nb216,,Quiver,sift1b,138,83.308800
quiver_sift1b_ef45_q2_nb216,,Quiver,sift1b,139,81.158400
quiver_sift1b_ef45_q2_nb216,,Quiver,sift1b,140,89.657600
quiver_sift1b_ef45_q2_nb216,,Quiver,sift1b,141,100.000000
quiver_sift1b_ef45_q2_nb216,,Quiver,sift1b,142,100.000000
quiver_sift1b_ef45_q2_nb216,,Quiver,sift1b,143,100.000000
quiver_sift1b_ef45_q2_nb216,,Quiver,sift1b,144,100.000000
quiver_sift1b_ef45_q2_nb216,,Quiver,sift1b,145,100.000000
quiver_sift1b_ef45_q2_nb216,,Quiver,sift1b,146,100.000000
quiver_sift1b_ef45_q2_nb216,,Quiver,sift1b,147,100.000000
quiver_sift1b_ef45_q2_nb216,,Quiver,sift1b,148,100.000000
quiver_sift1b_ef45_q2_nb216,,Quiver,sift1b,149,100.000000
quiver_sift1b_ef45_q2_nb216,,Quiver,sift1b,150,100.000000
quiver_sift1b_ef45_q2_nb216,,Quiver,sift1b,151,78.291200
quiver_sift1b_ef45_q2_nb216,,Quiver,sift1b,152,88.019200
quiver_sift1b_ef45_q2_nb216,,Quiver,sift1b,153,88.736000
quiver_sift1b_ef45_q2_nb216,,Quiver,sift1b,154,100.000000
quiver_sift1b_ef45_q2_nb216,,Quiver,sift1b,155,100.000000
quiver_sift1b_ef45_q2_nb216,,Quiver,sift1b,156,100.000000
quiver_sift1b_ef45_q2_nb216,,Quiver,sift1b,157,100.000000
quiver_sift1b_ef45_q2_nb216,,Quiver,sift1b,158,100.000000
quiver_sift1b_ef45_q2_nb216,,Quiver,sift1b,159,100.000000
quiver_sift1b_ef45_q2_nb216,,Quiver,sift1b,160,84.742400
quiver_sift1b_ef45_q2_nb216,,Quiver,sift1b,161,100.000000
quiver_sift1b_ef45_q2_nb216,,Quiver,sift1b,162,87.916800
quiver_sift1b_ef45_q2_nb216,,Quiver,sift1b,163,100.000000
quiver_sift1b_ef45_q2_nb216,,Quiver,sift1b,164,88.428800
quiver_sift1b_ef45_q2_nb216,,Quiver,sift1b,165,100.000000
quiver_sift1b_ef45_q2_nb216,,Quiver,sift1b,166,92.934400
quiver_sift1b_ef45_q2_nb216,,Quiver,sift1b,167,100.000000
quiver_sift1b_ef45_q2_nb216,,Quiver,sift1b,168,100.000000
quiver_sift1b_ef45_q2_nb216,,Quiver,sift1b,169,81.568000
quiver_sift1b_ef45_q2_nb216,,Quiver,sift1b,170,87.916800
quiver_sift1b_ef45_q2_nb216,,Quiver,sift1b,171,89.248000
quiver_sift1b_ef45_q2_nb216,,Quiver,sift1b,172,100.000000
quiver_sift1b_ef45_q2_nb216,,Quiver,sift1b,173,100.000000
quiver_sift1b_ef45_q2_nb216,,Quiver,sift1b,174,88.019200
quiver_sift1b_ef45_q2_nb216,,Quiver,sift1b,175,100.000000
quiver_sift1b_ef45_q2_nb216,,Quiver,sift1b,176,100.000000
quiver_sift1b_ef45_q2_nb216,,Quiver,sift1b,177,86.323200
quiver_sift1b_ef45_q2_nb216,,Quiver,sift1b,178,100.000000
quiver_sift1b_ef45_q2_nb216,,Quiver,sift1b,179,89.555200
quiver_sift1b_ef45_q2_nb216,,Quiver,sift1b,180,83.411200
quiver_sift1b_ef45_q2_nb216,,Quiver,sift1b,181,100.000000
quiver_sift1b_ef45_q2_nb216,,Quiver,sift1b,182,83.206400
quiver_sift1b_ef45_q2_nb216,,Quiver,sift1b,183,85.766400
quiver_sift1b_ef45_q2_nb216,,Quiver,sift1b,184,91.705600
quiver_sift1b_ef45_q2_nb216,,Quiver,sift1b,185,100.000000
quiver_sift1b_ef45_q2_nb216,,Quiver,sift1b,186,100.000000
quiver_sift1b_ef45_q2_nb216,,Quiver,sift1b,187,91.500800
quiver_sift1b_ef45_q2_nb216,,Quiver,sift1b,188,100.000000
quiver_sift1b_ef45_q2_nb216,,Quiver,sift1b,189,100.000000
quiver_sift1b_ef45_q2_nb216,,Quiver,sift1b,190,100.000000
quiver_sift1b_ef45_q2_nb216,,Quiver,sift1b,191,86.380800
quiver_sift1b_ef45_q2_nb216,,Quiver,sift1b,192,100.000000
quiver_sift1b_ef45_q2_nb216,,Quiver,sift1b,193,100.000000
quiver_sift1b_ef45_q2_nb216,,Quiver,sift1b,194,85.459200
quiver_sift1b_ef45_q2_nb216,,Quiver,sift1b,195,100.000000
quiver_sift1b_ef45_q2_nb216,,Quiver,sift1b,196,84.230400
quiver_sift1b_ef45_q2_nb216,,Quiver,sift1b,197,100.000000
quiver_sift1b_ef45_q2_nb216,,Quiver,sift1b,198,85.561600
quiver_sift1b_ef45_q2_nb216,,Quiver,sift1b,199,89.804800
