threads,nprobe,rerank,batch,topk,recall_k,queries,wall_ms,qps_effective,qps_wall,avg_ms,p50_ms,p90_ms,p99_ms,avg_recall,recall_p50,recall_p90,recall_p99,avg_graph_ms,avg_gather_ms,avg_dt_ms,avg_rerank_ms,avg_rerank_io_ms,avg_rerank_l2_ms,avg_overlap,avg_gpu_wait_ms,avg_rerank_examined,avg_batch_pages,avg_batch_size,avg_inflight,miss_rate_avg,miss_rate_p50,miss_rate_p90,miss_rate_p99,io_hits,io_misses,io_calls,io_evictions
4,256,128,32,10,10,10000,22071.8,113.306,453.066,8.82567,8.95211,9.62753,10.5316,0.89614,0.9,1,1,0.46687,0.236741,0,7.92853,0,0,0,0.0202187,128,0,32,3.99861,1,1,1,1,0,4493589,4493589,0
16,256,128,32,10,10,10000,5678.62,110.189,1760.99,9.07535,9.18624,9.65448,10.3326,0.89614,0.9,1,1,0.343602,0.249804,0,8.28558,0,0,0,0.020184,128,0,32,15.9816,1,1,1,1,0,17874507,17874507,0
64,256,128,32,10,10,10000,1680.24,93.59,5951.54,10.6849,10.6757,11.2503,12.3013,0.89614,0.9,1,1,0.578707,0.376851,0,9.44549,0,0,0,0.0223116,128,0,32,63.5917,1,1,1,1,0,69542875,69543003,0
128,256,128,32,10,10,10000,1371.47,57.5291,7291.44,17.3825,17.2056,18.6801,21.5631,0.89614,0.9,1,1,1.08683,0.48316,0,15.5063,0,0,0,0.0276957,128,0,32,126.743,1,1,1,1,0,139952189,139952278,0
256,256,128,32,10,10,10000,894.091,44.8398,11184.5,22.3016,20.3386,22.3034,169.975,0.89614,0.9,1,1,2.85437,0.999304,0,18.0991,0,0,0,0.0362289,128,0,32,249.433,1,1,1,1,0,268730642,268730845,0
4,256,256,32,10,10,10000,39805.7,62.819,251.22,15.9188,16.2246,17.913,18.842,0.92545,1,1,1,0.453212,0.251553,0,15.0067,0,0,0,0.0240647,240.8,0,32,3.99912,1,1,1,1,0,8848759,8848759,0
16,256,256,32,10,10,10000,10590.7,59.0921,944.225,16.9227,17.3638,18.7492,19.8523,0.92545,1,1,1,0.59971,0.264436,0,15.8418,0,0,0,0.0229838,240.8,0,32,15.9789,1,1,1,1,0,34748321,34748290,0
64,256,256,32,10,10,10000,3055.07,51.4218,3273.25,19.447,20.0028,21.4649,22.7225,0.92545,1,1,1,0.569278,0.355769,0,18.2415,0,0,0,0.0227166,240.8,0,32,63.6549,1,1,1,1,0,138705508,138705756,0
128,256,256,32,10,10,10000,2600.05,30.253,3846.08,33.0546,33.4234,36.2202,68.1498,0.92545,1,1,1,1.27963,0.451556,0,31.0129,0,0,0,0.0232362,240.8,0,32,127.13,1,1,1,1,0,280870023,280869836,0
256,256,256,32,10,10,10000,1521.26,26.0999,6573.48,38.3143,39.5244,42.3816,44.386,0.92545,1,1,1,0.642233,0.551393,0,36.7971,0,0,0,0.0236796,240.8,0,32,251.858,1,1,1,1,0,565636978,565637257,0
4,512,128,32,10,10,10000,23556.6,106.17,424.51,9.41888,9.57204,10.2417,10.9437,0.92091,1,1,1,0.611757,0.488558,0,7.98265,0,0,0,0.0256229,128,0,32,3.99841,1,1,1,1,0,4318693,4318693,0
16,512,128,32,10,10,10000,6117.38,102.276,1634.69,9.77751,9.89896,10.5034,11.1973,0.92091,1,1,1,0.625696,0.521636,0,8.28899,0,0,0,0.0254505,128,0,32,15.9832,1,1,1,1,0,16712235,16712203,0
64,512,128,32,10,10,10000,1794.89,87.6901,5571.36,11.4038,11.4963,12.2687,13.0891,0.92091,1,1,1,0.791022,0.787252,0,9.35555,0,0,0,0.0285463,128,0,32,63.5346,1,1,1,1,0,64111074,64110925,0
128,512,128,32,10,10,10000,1400.64,56.4709,7139.61,17.7082,17.8669,19.0796,20.4666,0.92091,1,1,1,0.890961,1.02849,0,15.2494,0,0,0,0.0298448,128,0,32,126.43,1,1,1,1,0,133912861,133913102,0
256,512,128,32,10,10,10000,859.412,47.0836,11635.9,21.2388,20.9629,22.8674,43.1061,0.92091,1,1,1,1.08684,1.51285,0,18.0339,0,0,0,0.0332112,128,0,32,247.132,1,1,1,1,0,265798820,265798797,0
4,512,256,32,10,10,10000,41660.8,60.0378,240.034,16.6562,17.0141,18.657,19.5038,0.95526,1,1,1,0.618591,0.497781,0,15.1965,0,0,0,0.0251817,241.798,0,32,3.99805,1,1,1,1,0,8694451,8694451,0
16,512,256,32,10,10,10000,10922.1,57.302,915.578,17.4514,17.9183,19.2337,20.1384,0.95526,1,1,1,0.655525,0.526765,0,15.9184,0,0,0,0.0253717,241.798,0,32,15.9781,1,1,1,1,0,34127431,34127431,0
64,512,256,32,10,10,10000,3185.5,49.2576,3139.23,20.3015,20.777,22.3873,23.6732,0.95526,1,1,1,0.836502,0.795457,0,18.1931,0,0,0,0.0268951,241.798,0,32,63.7308,1,1,1,1,0,133454748,133454963,0
128,512,256,32,10,10,10000,2622.56,29.9687,3813.06,33.3681,34.2215,36.9529,38.6981,0.95526,1,1,1,1.02083,0.984336,0,30.8253,0,0,0,0.0278784,241.798,0,32,127.235,1,1,1,1,0,274401555,274401715,0
256,512,256,32,10,10,10000,1541.7,25.6587,6486.36,38.9731,39.9845,43.0752,45.8918,0.95526,1,1,1,1.19949,1.10916,0,36.1114,0,0,0,0.0299291,241.798,0,32,252.794,1,1,1,1,0,549722539,549722710,0
4,1024,128,32,10,10,10000,26758.1,93.4601,373.718,10.6997,10.8822,11.6816,12.4288,0.93008,1,1,1,1.13075,1.03549,0,7.93629,0,0,0,0.0350714,128,0,32,3.99869,1,1,1,1,0,3939430,3939430,0
16,1024,128,32,10,10,10000,6998.56,89.3983,1428.87,11.1859,11.313,12.1502,13.0038,0.93008,1,1,1,1.15594,1.12206,0,8.30037,0,0,0,0.0369739,128,0,32,15.9831,1,1,1,1,0,14763140,14763140,0
64,1024,128,32,10,10,10000,2095.78,74.8773,4771.5,13.3552,13.4036,14.6694,15.9274,0.93008,1,1,1,1.49048,1.87713,0,9.13458,0,0,0,0.0420556,128,0,32,63.7242,1,1,1,1,0,53802606,53802571,0
128,1024,128,32,10,10,10000,1414.33,55.6653,7070.5,17.9645,18.0138,19.7203,21.7601,0.93008,1,1,1,1.7219,2.41175,0,12.8784,0,0,0,0.0443644,128,0,32,127.018,1,1,1,1,0,111972857,111972887,0
256,1024,128,32,10,10,10000,986.831,40.622,10133.4,24.6172,23.3664,29.4101,66.6011,0.93008,1,1,1,2.17929,3.66701,0,17.7083,0,0,0,0.0482675,128,0,32,249.457,1,1,1,1,0,226388787,226388841,0
4,1024,256,32,10,10,10000,45134.3,55.4081,221.561,18.0479,18.4187,20.2109,21.3945,0.96673,1,1,1,1.12597,1.10324,0,15.2163,0,0,0,0.0349857,242.096,0,32,3.99871,1,1,1,1,0,8219797,8219797,0
16,1024,256,32,10,10,10000,11852.9,52.788,843.674,18.9437,19.3428,20.9787,22.1982,0.96673,1,1,1,1.16139,1.20087,0,15.9702,0,0,0,0.0359595,242.096,0,32,15.9823,1,1,1,1,0,31795773,31795805,0
64,1024,256,32,10,10,10000,3474.33,45.1758,2878.25,22.1358,22.5281,24.3838,25.8601,0.96673,1,1,1,1.46561,1.88102,0,17.921,0,0,0,0.0404646,242.096,0,32,63.7123,1,1,1,1,0,121123042,121123167,0
128,1024,256,32,10,10,10000,2656.28,29.5974,3764.66,33.7867,34.503,37.3413,39.5653,0.96673,1,1,1,1.59563,2.23827,0,29.0074,0,0,0,0.0414194,242.096,0,32,127.195,1,1,1,1,0,255769882,255769819,0
256,1024,256,32,10,10,10000,1573.33,25.1825,6355.96,39.7102,40.4174,44.0802,48.9493,0.96673,1,1,1,1.81059,2.52794,0,34.389,0,0,0,0.0439429,242.096,0,32,252.396,1,1,1,1,0,515185704,515185896,0
