stem,variant,system,dataset,ef,target_recall,num_blocks,mini_batch,queries_per_block,pipe_width,qps,avg_ms,p50_ms,p90_ms,p99_ms,p999_ms,max_ms,latency_kind
quiver_sift1b_ef45_q1_pw2_1ssd,,Quiver,sift1b,45,0.90,108,0,1,2,32975.684986,3.264777,3.255129,3.350973,3.448009,5.719900,18.333912,QueryLatency(ms)
quiver_sift1b_ef45_q1_pw2_1ssd,,Quiver,sift1b,45,0.90,216,0,1,2,42857.168402,4.892489,4.845858,4.961014,5.084991,12.539148,164.690018,QueryLatency(ms)
quiver_sift1b_ef45_q1_pw2_1ssd,,Quiver,sift1b,45,0.90,324,0,1,2,43472.779736,7.191617,7.102966,7.232189,7.375002,18.229008,204.418182,QueryLatency(ms)
quiver_sift1b_ef45_q2_pw2_1ssd,,Quiver,sift1b,45,0.90,216,0,2,2,49066.545627,8.785955,8.768797,8.916855,9.087086,17.981052,21.446943,QueryLatency(ms)
quiver_sift1b_ef45_q2_pw2_1ssd,,Quiver,sift1b,45,0.90,324,0,2,2,53025.432221,12.195701,12.175798,12.348175,12.527943,24.585009,25.439978,QueryLatency(ms)
quiver_sift1b_ef45_q2_pw2_1ssd,,Quiver,sift1b,45,0.90,432,0,2,2,52999.943959,16.267531,16.249180,16.441107,16.621113,28.263092,33.068895,QueryLatency(ms)
quiver_sift1b_ef45_q2_pw2_1ssd,,Quiver,sift1b,45,0.90,540,0,2,2,53003.553976,20.329240,20.324945,20.545006,20.742178,32.752991,38.407803,QueryLatency(ms)
quiver_sift1b_ef45_q2_pw2_1ssd,,Quiver,sift1b,45,0.90,648,0,2,2,53023.927304,24.380364,24.388790,24.618149,24.832964,37.297010,40.829897,QueryLatency(ms)
quiver_sift1b_ef45_q2_pw2_1ssd,,Quiver,sift1b,45,0.90,756,0,2,2,53054.931085,28.422598,28.435946,28.699160,28.970003,41.105986,47.066927,QueryLatency(ms)
quiver_sift1b_ef45_q2_pw2_1ssd,,Quiver,sift1b,45,0.90,864,0,2,2,53094.367766,32.452470,32.460928,32.786846,33.963203,44.250011,45.123100,QueryLatency(ms)
quiver_sift1b_ef45_q2_pw2_1ssd,,Quiver,sift1b,45,0.90,972,0,2,2,53110.002165,36.488321,36.493063,36.838055,37.835836,49.389839,64.810991,QueryLatency(ms)
quiver_deep1b_ef70_q1_pw2_1ssd,,Quiver,deep1b,70,0.90,108,0,1,2,19534.720321,5.508193,5.488873,5.681992,5.888939,6.344080,41.535854,QueryLatency(ms)
quiver_deep1b_ef70_q1_pw2_1ssd,,Quiver,deep1b,70,0.90,216,0,1,2,22707.636308,9.279320,9.203911,9.783030,10.302067,18.481970,276.527882,QueryLatency(ms)
quiver_deep1b_ef70_q1_pw2_1ssd,,Quiver,deep1b,70,0.90,324,0,1,2,22663.459431,13.875719,13.685942,14.433861,15.218019,40.784121,349.336863,QueryLatency(ms)
quiver_deep1b_ef70_q2_pw2_1ssd,,Quiver,deep1b,70,0.90,216,0,2,2,23505.927979,18.358962,18.316984,19.230843,20.100832,22.188902,26.930094,QueryLatency(ms)
quiver_deep1b_ef70_q2_pw2_1ssd,,Quiver,deep1b,70,0.90,324,0,2,2,23572.041213,27.458527,27.415037,28.406858,29.694080,36.335945,48.235893,QueryLatency(ms)
quiver_deep1b_ef70_q2_pw2_1ssd,,Quiver,deep1b,70,0.90,432,0,2,2,23538.229130,36.661712,36.613941,37.878990,39.071083,45.708895,57.433844,QueryLatency(ms)
quiver_deep1b_ef70_q2_pw2_1ssd,,Quiver,deep1b,70,0.90,540,0,2,2,23613.600944,45.673125,45.663834,46.992064,48.054218,56.102037,73.653936,QueryLatency(ms)
quiver_deep1b_ef70_q2_pw2_1ssd,,Quiver,deep1b,70,0.90,648,0,2,2,23602.911209,54.824609,54.828882,56.354046,57.775021,68.480968,84.919930,QueryLatency(ms)
quiver_deep1b_ef70_q2_pw2_1ssd,,Quiver,deep1b,70,0.90,756,0,2,2,23657.162730,63.809535,63.898087,65.527916,67.121983,74.940205,92.468977,QueryLatency(ms)
quiver_deep1b_ef70_q2_pw2_1ssd,,Quiver,deep1b,70,0.90,864,0,2,2,23674.038106,72.862019,73.093176,74.776888,76.192856,85.002899,97.296953,QueryLatency(ms)
quiver_deep1b_ef70_q2_pw2_1ssd,,Quiver,deep1b,70,0.90,972,0,2,2,23630.698447,82.100207,82.412004,84.066153,85.841179,95.077038,110.520124,QueryLatency(ms)
quiver_deep1b_ef70_q3_pw2_1ssd,,Quiver,deep1b,70,0.90,864,0,3,2,23741.434330,108.905253,109.421968,111.579895,113.077164,122.471809,176.710844,QueryLatency(ms)
quiver_deep1b_ef70_q3_pw2_1ssd,,Quiver,deep1b,70,0.90,972,0,3,2,23786.629548,122.266825,123.053789,125.443935,127.304077,135.931969,191.706896,QueryLatency(ms)
quiver_deep1b_ef70_q4_pw2_1ssd,,Quiver,deep1b,70,0.90,864,0,4,2,23791.869471,144.817470,145.652056,148.683071,150.542974,164.211035,205.527067,QueryLatency(ms)
quiver_deep1b_ef70_q4_pw2_1ssd,,Quiver,deep1b,70,0.90,972,0,4,2,23786.745561,162.861406,164.027929,166.651964,168.556929,187.132835,211.752892,QueryLatency(ms)
